supplierId,supplier_name,contact_name,email, address			
MHG-USA,Mile High Games,Nyah Aamadu,nyah@sample.com,123 Main St Denver CO United States 12345
PMG-KOR,Play More Games,Vanya Patel,vanya@sample.com,234 Sejong-daero Sejongno Jongno-gu Seoul South Korea
A51G-USA,Area 51 Games,Ikraam Rahat,ikraam@sample.com,456 Main St Rachel NM United States 23456
EG-GER,Euro Games,David Mayer,david@sample.com,567 Pariser Platz 2 10117 Berlin Germany 
TF-JAP,Tiger Fun,Wei Zhang,wei@sample.com,678 Chome-10-5 Akasaka Minato City Tokyo 107-8420 Japan
BG-IRE,Blarney Games,Rutherford Sullivan,rutherford@sample.com,789 Market St Sleveen Kinsale Co. Cork P17 E068 Ireland
IP-PAN,Isthmus Pastimes,Celestino Paulo,celestino@sample.com, edificio 890 Avenida Demetrio Basilio Lakas Panama Panama